step,eval_loss
1222,2.992385149002075
2444,2.9195728302001953
3666,2.8946685791015625
