step,eval_loss
1222,2.995269536972046
2444,2.917355537414551
3666,2.8937458992004395
