step,train_loss
1000,0.38339221477508545
2000,0.4734770655632019
3000,0.46861231327056885
